Year,Algeria,Angola,Benin,Botswana,Burkina Faso,Burundi,Cape Verde,Cameroon,Central African Republic,Chad,Comoros,DRC,"Congo, Rep",Cote d'Ivoire,Djibouti,Egypt,Equatorial Guinea,Eritrea,Eswatini,Ethiopia,Gabon,Gambia,Ghana,Guinea,Guinea-Bissau,Kenya,Lesotho,Liberia,Libya,Madagascar,Malawi,Mali,Mauritania,Mauritius,Morocco,Mozambique,Namibia,Niger,Nigeria,Rwanda,Sao Tome and Principe,Senegal,Seychelles,Sierra Leone,Somalia,South Africa,South Sudan,Sudan,Tanzania,Togo,Tunisia,Uganda,Zambia,Zimbabwe
1960,2.723615451,0,0.226195578,0.030411414,0.330442816,0.19599999,0,0.614206068,0.112155598,0.313582728,0,3.359404118,0.131731863,0.546203559,0,4.206270352,0.037253333,0,0.035076846,1.610511694,0.141468978,0,1.217230095,0,0,0.791265459,0.034579986,0.1904956,0.401644249,0.673081725,0,0,0.15921343,0.162089564,2.037154742,0,0,0.449526873,4.196174502,0.119000024,0,1.00369237,0.012012025,0.322151961,0.180459937,8.748596501,0,1.126364162,2.651729807,0.171057069,0.866155429,0.423145605,0.698739721,1.052990485
1961,2.434747056,0,0.235668221,0.032902613,0.350247234,0.202999992,0,0.652777608,0.123134583,0.333975336,0,3.086746857,0.151675739,0.618245634,0,4.494575611,0.037253333,0,0.043026043,1.680859514,0.167637907,0,1.302674325,0,0,0.792959473,0.035699986,0.1839209,0.443905612,0.699161945,0,0,0.15921343,0.191757729,2.02569354,0,0,0.485785231,4.467287893,0.122000016,0,1.058975257,0.011592024,0.327978758,0.191659914,9.22599631,0,1.222860429,2.826179031,0.178497098,0.866155429,0.441667335,0.682359727,1.096646688
1962,2.001444544,0,0.236434954,0.035644957,0.379567099,0.213500006,0,0.694247864,0.124482774,0.357635713,0,3.779841429,0.16652124,0.645284474,0,4.035462027,0.037253333,0,0.045927962,1.747566307,0.182796536,0,1.382515654,0,0,0.868111401,0.041859983,0.1918618,0.619725785,0.739286908,0,0,0.164271558,0.197738208,2.379611125,0,0,0.531736599,4.909399176,0.125000008,0,1.085475791,0.012642026,0.342872549,0.203531928,9.813996074,0,1.328259625,3.101589993,0.186745758,0.880027733,0.449158233,0.679279729,1.11760169
1963,2.702982018,0,0.253927697,0.038091843,0.394040667,0.232749998,0,0.718320845,0.129379124,0.371767002,0,6.213185743,0.172233431,0.761047198,0,4.187146232,0.044266667,0,0.054129438,1.825058828,0.154480244,0,1.540797589,0,0,0.926589349,0.047039981,0.2002296,0.892327911,0.759345864,0,0,0.168186297,0.253839558,2.657252578,0,0,0.586294879,5.165590254,0.128,0,1.122139862,0.013923029,0.34870098,0.216145936,10.85419566,0,1.351234926,3.456579293,0.202305865,1.0267376,0.516315231,0.704339719,1.159511793
1964,2.909316435,0,0.269819006,0.041616348,0.410321645,0.260750008,0,0.776650177,0.142025079,0.392247518,0,2.881545273,0.185693725,0.921063327,0,4.709245762,0.051915,0,0.064980554,1.984129186,0.215679855,0.044212081,1.7312962,0,0,0.998759334,0.051939979,0.2189291,1.341395421,0.802482184,0,0,0.224495744,0.218914569,2.798345299,0,0,0.582816396,5.552931319,0.129999994,0,1.188930645,0.015393032,0.372011438,0.229529913,11.95599522,0,1.3882826,3.748840925,0.234572186,1.025866792,0.589247687,0.822639671,1.217138098
1965,3.136284307,0,0.28990868,0.045788696,0.42291679,0.158994963,0,0.814083266,0.150574795,0.416926303,0,4.043901818,0.198318064,0.919771229,0,4.94866754,0.064748333,0,0.070279972,2.159998591,0.226474286,0.044212081,2.053462968,0,0,0.997919321,0.054879978,0.2292608,1.80497968,0.833563473,0,0.275494478,0.255340475,0.230024161,2.94833109,0,0,0.673383511,5.87453765,0.14879998,0,1.210058228,0.015603032,0.35952381,0.243725898,13.06899477,0,1.446869619,3.817226546,0.264505506,0.991047619,0.88450231,1.061199576,1.311435906
1966,3.039859187,0,0.302925235,0.051465655,0.433889766,0.165444571,0,0.851112535,0.157930018,0.432794922,0,4.532660182,0.220613582,1.02410288,0,5.278005612,0.06911,0,0.076859969,2.324466416,0.245849781,0.044212081,2.126300672,0,0,1.164519674,0.056699977,0.2444595,2.312438536,0.900264585,0,0.275494478,0.266533605,0.227534083,2.876401297,0,0,0.702296079,6.366917453,0.124525703,0,1.246908186,0.016443034,0.375630252,0.257375897,14.21139432,0,1.484491676,4.377998825,0.305227595,1.040952381,0.925381492,1.238999505,1.281749603
1967,3.370870376,0,0.306221953,0.058642354,0.450753924,0.178297143,0,0.93617526,0.163820514,0.449826323,0,3.384063372,0.237397428,1.082922725,0,5.605484299,0.072317447,0,0.07475997,2.461762003,0.27154368,0.046695007,1.747187645,0,0,1.232559507,0.059261976,0.2610243,2.726986913,0.956436932,0,0.275494478,0.28261531,0.238439291,3.046345314,0,0,0.665586872,5.203237919,0.159560018,0,1.246480766,0.016632032,0.348895028,0.271781887,15.82139367,0,1.607409539,4.565132048,0.327215844,1.085714286,0.967240655,1.340639464,1.397002112
1968,3.852147027,0,0.326323105,0.066248441,0.460442689,0.1832,0,1.046191218,0.191767442,0.453980096,0,3.909780539,0.251247458,1.281281277,0,5.932242991,0.067514286,0,0.079799968,2.619948865,0.294468564,0.041160066,1.666909518,3.220224608,0.204670551,1.353295459,0.061445975,0.2768207,3.850623095,1.031669637,0,0.343771973,0.311395937,0.206576631,3.271422333,0,0,0.641214226,5.20099792,0.172200018,0.037211826,1.309384862,0.016074028,0.329991597,0.286719885,17.12479315,0,1.677771401,4.895251824,0.341691567,1.214666667,1.037379252,1.573739371,1.479600019
1969,4.257253264,0,0.330748245,0.077361547,0.478298645,0.190205714,0,1.100551489,0.18803921,0.471635622,0,5.03243497,0.265040036,1.361360293,0,6.524455206,0.067225714,0,0.105419958,2.768987372,0.318124701,0.045168072,1.962050556,3.220224608,0.204670551,1.458379417,0.065967974,0.3069618,4.380987481,1.056391056,0,0.339913867,0.295062308,0.221553613,3.651622669,0,0,0.625867985,6.634317346,0.188700037,0.037211826,1.245234931,0.016452028,0.408853541,0.306357285,19.2569923,0,1.847501441,5.142066811,0.37809181,1.289904762,1.168556629,1.92639923,1.747998941
1970,4.863526897,0,0.333627713,0.096243234,0.458404269,0.242732571,0,1.151216993,0.189106529,0.469266737,0,4.87768491,0.2749607,1.455482795,0,8.042200452,0.066331429,0,0.112139955,3.045354455,0.323802476,0.052296084,2.215028588,3.220224608,0.204670551,1.603447359,0.068739973,0.3230997,4.601649451,1.111859571,0,0.359772315,0.309405316,0.224125805,3.956336244,0,0,0.649916621,12.54609498,0.219900006,0.037211826,1.297407655,0.018432032,0.434584634,0.347985394,21.21839151,0,2.100229759,2.851419386,0.358665754,1.439238095,1.259554809,1.788779285,1.884206452
1971,5.077183094,0,0.335073028,0.127448614,0.482411179,0.252842286,0,1.236941394,0.2014508,0.50186673,0,5.594770359,0.322128019,1.584128509,0,8.609283346,0.064946955,0,0.136462081,3.224280835,0.381687073,0.055728663,2.417108578,3.594302908,0.204167297,1.778391289,0.076480285,0.3415431,5.260185125,1.199507631,0,0.395218629,0.335568907,0.251437338,4.356669034,0,0,0.693573704,9.181769912,0.222952504,0.037288845,1.339549033,0.021965951,0.419495788,0.347039446,23.41107664,0,2.288340041,3.050673517,0.404648368,1.685162272,1.417191656,1.653259341,2.178716475
1972,6.766743957,0,0.410331857,0.164460915,0.578595522,0.246804571,0,1.49825189,0.230317883,0.585427547,0,6.173712814,0.410669264,1.849400402,0,9.299638056,0.065429198,0,0.146736479,3.520252938,0.430508359,0.059160569,2.11229328,4.203069035,0.227986203,2.107279157,0.0809132,0.368098,6.299395544,1.34159069,0,0.48661728,0.391669449,0.3186649,5.074117545,0,0,0.742779661,12.27441602,0.246457838,0.041430257,1.620857104,0.030645123,0.465254682,0.447883941,24.51591922,0,2.483055722,3.472787266,0.474043922,2.237556149,1.490970181,1.87241668,2.677729616
1973,8.707858912,0,0.504376074,0.244124164,0.67477357,0.304339524,0,1.901393361,0.271183082,0.647199483,0,7.870239461,0.541973363,2.508421426,0,10.09853461,0.081203227,0,0.221915128,4.07057055,0.722780701,0.075187749,3.006766758,5.152080388,0.232331281,2.509001324,0.121188716,0.3869683,8.62588943,1.653062335,0,0.563683703,0.493237876,0.404285775,6.24214588,0,0,0.946385105,15.16287129,0.290746157,0.056011245,1.86339859,0.03689628,0.575471814,0.483699611,33.26277201,0,3.07725446,4.144104535,0.574030984,2.730813385,1.701829789,2.434255237,3.309353866
1974,13.20987163,0,0.554654861,0.306044208,0.75113343,0.345263492,0,2.157415533,0.281398706,0.652532795,0,9.59696018,0.585364634,3.070152309,0,9.228963225,0.094159863,0,0.264320941,4.577209966,1.544216002,0.095796022,2.894409938,5.691417541,0.25676973,2.969958812,0.150851317,0.486955,15.11254372,1.91750819,0,0.53874734,0.613010553,0.66989403,7.675466449,0,0,1.026137111,24.84664132,0.308458423,0.057817591,2.099325229,0.043134496,0.648940351,0.572504036,41.38918609,0,3.95893166,4.977337978,0.791450308,3.545868575,2.098944967,2.910981262,3.982161721
1975,15.55790275,0,0.67687014,0.355168572,0.939972703,0.420986667,0,2.857037371,0.378660016,0.864602105,0,10.23734317,0.76710268,3.89383919,0,11.63217887,0.104295643,0,0.288299789,4.577047854,2.15759294,0.115179719,2.810106383,6.102769605,0.283311997,3.259345083,0.149558896,0.5775493,14.71091246,2.283049215,0,0.830710615,0.703377837,0.673311287,8.984853005,0,0,1.048690933,27.77893462,0.5718635,0.06010171,2.830388405,0.047803146,0.679352876,0.757015879,42.90690567,0,4.823090192,5.72991784,0.871781687,4.328965588,2.359555556,2.442672141,4.371301052
1976,17.72824093,0,0.698408262,0.372025093,0.976547188,0.448412754,0,2.898090002,0.451152461,0.866044962,0,9.648583225,0.754549601,4.662053825,0,13.31598808,0.10365305,0,0.272550068,4.943806093,3.009409974,0.112190829,2.765254237,6.762781871,0.292152321,3.474542392,0.147660037,0.5966757,19.09694302,2.181844179,0,0.939228017,0.775045517,0.713510052,9.584297284,0,0,1.064517601,36.30888325,0.637753853,0.052039421,2.869777884,0.049278982,0.594810422,0.871344245,41.15046029,0,6.013210816,6.472511988,0.874681612,4.508191942,2.4473,2.742859263,4.318372348
1977,20.97211368,0,0.750049779,0.45162478,1.131224878,0.547535556,0,3.394664024,0.507298148,0.935360465,0,12.34442476,0.765224029,6.265068189,0,14.40080688,0.10398752,0,0.304060076,5.651840585,2.809349069,0.138093099,3.189428571,6.914381291,0.298871675,4.494378764,0.193315048,0.6730106,22.42829711,2.358930406,0,1.049838548,0.799030017,0.834722972,11.04978387,0,0,1.291458041,36.03540773,0.746650613,0.049207692,2.938046463,0.064526401,0.692079407,0.498550725,45.32841133,0,7.499005639,7.732598995,1.097893826,5.109324009,2.936470588,2.51529694,4.364382451
1978,26.36449131,5.930503401,0.928843469,0.590407374,1.475583645,0.610225556,0.142246815,4.662852583,0.610578632,1.113920124,0.212218262,15.372608,0.878771772,7.900526298,0,14.81170406,0.10398752,0,0.340630085,6.014961435,2.389479272,0.171833086,3.662478185,8.087305999,0.31887655,5.303735111,0.266570067,0.7172404,22.13642264,2.669755115,1.801156775,1.222702573,0.804629877,1.029040323,13.23694623,0,2.421990338,1.77436559,36.52786221,0.905709076,0.055044563,3.280354921,0.085552366,0.960765043,0.564571823,51.6074129,0,8.128719315,9.26167571,1.164025637,5.96846008,2.42026087,2.811032473,4.35160085
1979,33.24370686,5.930503401,1.18623102,0.819870259,1.748480621,0.782496667,0.142246815,5.919002983,0.700764748,1.004316496,0.212218262,15.06842224,1.198749667,9.142933967,0,18.02057143,0.10398752,0,0.412093134,6.586048398,3.03025112,0.207112628,4.02022792,8.877094497,0.308143183,6.234391113,0.290134593,0.8140679,30.5364295,3.463565854,1.801156775,1.595422956,0.951900945,1.227446632,15.91199482,0,2.421990338,2.109277666,47.25991189,1.109346131,0.065755928,4.084877823,0.127261099,1.109343425,0.589566929,63.03865809,0,8.418407787,9.804637491,1.259365712,7.188863904,2.139025,3.353445378,5.177459817
1980,42.34582908,5.930503401,1.405251847,1.060889704,1.928719888,0.919726667,0.142246815,6.674569047,0.797048199,1.033002404,0.212218262,14.39492749,1.705796853,10.17561761,0,21.66990818,0.050642881,0,0.541976853,7.012585454,4.279637942,0.24108309,4.445228216,9.746524915,0.287648258,7.26531582,0.431542537,0.8547115,40.95392495,5.201818348,1.801156775,1.759691186,1.047925106,1.147027924,21.72851615,0,2.421990338,2.508524721,64.20178812,1.254765642,0.081662231,4.510108291,0.15678383,1.10047619,0.602515548,89.4118644,0,8.9518,11.40922809,1.604836916,8.744134354,1.24461,3.884530854,6.678868738
1981,44.34859046,5.550483036,1.291120188,1.07381283,1.775842334,0.969046667,0.139468209,6.610938617,0.694803623,0.876937558,0.196349932,12.53782104,1.993512323,8.432589942,0,22.13608108,0.036731423,0,0.570774825,7.507663567,3.862269121,0.218767743,4.22244186,9.646440667,0.402230865,6.854491706,0.434188034,0.8465145,36.37435388,4.759333998,1.80119391,1.538972424,1.105494682,1.157769444,17.78818548,0,2.249908578,2.170893414,164.4752095,1.407062527,0.083499264,4.095892781,0.163750728,1.114926661,0.699302473,93.14147216,0,10.75388815,13.16154038,1.359026709,8.428445294,1.3373,4.008126497,8.011374445
1982,45.20716747,5.550483036,1.26777867,1.014945696,1.754450096,1.013222222,0.140630679,6.611255964,0.748312391,0.83436986,0.184009014,13.65166737,2.160640565,7.567110849,0,27.65517241,0.044294648,0,0.537568059,7.899988841,3.618007841,0.216050552,4.035994398,11.92603249,0.430284022,6.431579357,0.348741684,0.8639332,33.76014699,4.784977326,1.717379495,1.333754225,1.108776653,1.092923636,17.69227673,0,2.118710248,2.017612216,142.7693633,1.407243139,0.080307763,4.013951443,0.15721179,1.294995964,0.774578932,85.90405741,0,8.732542274,13.92738324,1.160337039,8.133580052,2.1775,3.871117093,8.539701388
1983,48.8013698,5.784341596,1.095348199,1.172230397,1.600278605,1.082926304,0.138476176,6.87020001,0.658679333,0.832415806,0.191621955,11.00671265,2.09727429,6.838184773,0.340989528,30.96623981,0.044442457,0,0.555336146,8.781664427,3.391275732,0.213448585,4.057275132,15.12989372,0.425225177,5.979198314,0.386699309,0.8233749,33.20052014,4.686457031,1.780148049,1.297765326,1.165171263,1.104956573,16.25140813,0,2.297400688,1.803099561,97.09491179,1.479687587,0.075110289,3.569356125,0.156098237,0.995278515,0.735408642,96.20411094,0,8.230153846,14.04988381,1.081387265,8.350582748,2.240333333,3.321048451,7.764067625
1984,53.69854829,6.131475065,1.051134009,1.240822167,1.459880132,0.987143931,0.132019039,7.311938026,0.63782067,0.919103735,0.184697226,7.857729193,2.193581365,6.841639247,0.340989528,33.97118899,0.050320914,0,0.494483409,8.298309581,3.561451561,0.17734088,4.412279843,18.42149725,0.359980491,6.19143707,0.33316367,0.8484783,29.47610915,3.905938481,1.758028656,1.232932104,1.07437323,1.054564759,14.82466795,0,1.951260038,1.461243326,73.48435952,1.587413084,0.078213796,3.485165432,0.160992921,1.087450199,0.787434542,84.87016337,0,10.44761538,12.90663513,1.014170069,8.254541195,3.615647477,2.719518933,6.352126411
1985,57.93786867,7.55406541,1.045712789,1.114783343,1.552493196,1.149979286,0.137728205,8.544810498,0.864849836,1.033069709,0.196726096,7.195042616,2.16087254,6.977650644,0.340989528,39.05350225,0.06211857,0,0.360079419,9.717392687,3.339914757,0.225726359,4.504306723,22.78764457,0.373959151,6.135034214,0.268629926,0.8512961,31.53056632,3.802557895,1.646442273,1.392196048,1.009723326,1.090611325,14.99128322,0,1.60823735,1.440581652,73.74582116,1.715626331,0.082733069,3.818944918,0.179691483,0.856890459,0.875702247,64.45937609,0,8.0752596,15.32829518,1.07660452,8.410226053,3.519695444,2.2524545,5.637259754
1986,63.6920079,7.072536109,1.336102025,1.392602164,2.036303358,1.201725497,0.190651168,11.8570562,1.122265013,1.067828246,0.279197722,8.095367168,1.849268212,9.1583021,0.340989528,41.25350795,0.076407396,0,0.449140318,10.0943289,3.403638189,0.185646987,5.735677434,2.909130355,0.338524233,7.239126568,0.318858423,0.8409644,24.18040096,4.347989788,1.722586299,1.852163453,1.186628778,1.482601552,19.46208554,0,1.809048527,1.904096998,54.80585258,1.944710684,0.115928907,5.392093446,0.221147061,0.490181457,0.916590786,73.3547714,0,10.0922,10.84086452,1.498219579,9.017806654,3.92324405,1.664413508,6.217524201
1987,66.74581838,8.084412414,1.562412228,1.96522689,2.36983495,1.131466494,0.235253065,13.04965998,1.200991978,1.163426852,0.337525853,7.661625473,2.297753652,10.08765446,0.373371738,40.45561665,0.09334586,0,0.584126092,10.79000156,3.281797043,0.220626484,5.074829932,2.976714019,0.451893375,7.970820369,0.402768324,0.9728,26.69765933,3.212900556,1.721711808,2.090629987,1.344664725,1.906174438,21.76519595,0,2.300068217,2.233006105,52.67604193,2.157432668,0.115952925,6.487353103,0.265212957,0.660106336,1.018972664,96.53576342,0,12.09333333,7.824193222,1.763978066,9.696715911,6.269522042,2.265250972,6.741215643
1988,59.08939686,8.769836769,1.620246084,2.644554159,2.616040479,1.082403219,0.26430814,12.23605736,1.264899288,1.482597298,0.356500033,8.861299977,2.212536312,10.25516981,0.395794539,34.98012493,0.100534657,0,0.692026455,11.18111972,3.834503376,0.266672212,5.197765032,3.476480303,0.427514322,8.355380879,0.470395801,1.0383,24.30895959,3.189456965,2.008189508,2.169040603,1.41495129,2.163252449,25.70529618,0,2.495094746,2.280356193,49.64847044,2.395492687,0.099000764,6.418419389,0.301985618,1.055083933,1.051596967,103.9768319,0,14.37255556,7.406614407,1.947208354,10.09624576,6.508931652,3.728878149,7.814784729
1989,55.63472157,10.20178098,1.502294416,3.083822112,2.615587734,1.11392413,0.267448571,11.0125662,1.233930281,1.433686312,0.341476768,9.021862775,2.389593026,9.757410645,0.409220087,39.75629905,0.088265975,0,0.696921542,11.76293201,4.186411464,0.284120329,5.25185844,3.546079263,0.554072303,8.283114514,0.495409233,0.7863,25.1567079,3.175638333,2.31420513,2.181821909,1.450647019,2.211312823,26.31431319,3.854856435,2.535135798,2.179567114,44.00306111,2.405022593,0.098545367,6.366039373,0.324333367,0.93297442,1.181360844,108.0556241,0,21.40811111,6.418799007,1.910635575,10.10185174,5.276480799,3.994673161,8.286323367
1990,62.04850753,11.2295156,1.95996533,3.790636324,3.101300779,1.132101253,0.306890963,12.31448263,1.440711459,1.738605558,0.429622178,9.34976458,2.79874605,10.79585058,0.452328087,42.97891431,0.112119411,0.477101652,1.114694041,12.4789439,5.952293765,0.317083695,5.889106573,3.888320666,0.634187269,8.572359038,0.596410264,0.3844,28.9041836,3.931334875,2.737087862,2.681912149,1.506914408,2.68921276,30.17995477,3.854856435,2.789921854,3.512356508,54.03579539,2.550185679,0.119297933,7.39096736,0.392163561,0.649644098,1.031282081,126.0481401,0,33.64122222,6.184384225,2.299665506,12.29056818,4.30439931,3.288381797,8.783817407
1991,45.71567643,10.60378454,1.986437797,3.942876703,3.135045584,1.167398478,0.319827059,11.8401923,1.377374987,1.877137982,0.42410877,9.625436873,2.724853506,10.49262858,0.462421999,37.38783649,0.110906029,0.477101652,1.156135718,13.79979932,5.402919785,0.690311081,6.603185268,4.396178694,0.668470891,8.151488783,0.704325367,0.348,31.99182126,3.254713056,3.20678383,2.724131458,2.133692697,2.895354736,32.28557357,3.854856435,2.996869281,3.285796875,59.52683341,1.911600237,0.107484143,7.25521047,0.39830717,0.779981987,0.71797493,135.2036982,0,44.17119437,7.197768159,2.26276786,13.07478261,3.32172916,3.376806697,8.641482396
1992,48.00313335,8.307810974,1.695315306,4.146464587,3.356692505,1.083037671,0.357160985,12.07177534,1.411917553,1.88184767,0.457388652,8.227343907,2.933222703,11.15297127,0.478058305,41.85598652,0.134707184,0.477101652,1.284759928,10.75479904,5.592390827,0.714254256,6.416103926,4.789220417,0.588309271,8.209120763,0.831029862,0.2235,33.88704791,3.714966678,2.618837835,2.830673378,2.164298425,3.267677814,33.71106943,2.798696511,3.429521699,3.386232579,52.05818185,2.029026962,0.094861781,7.76981784,0.461409399,0.679940814,0.709297579,146.956151,0,7.031933492,6.681997469,2.390796916,15.49670806,2.857457762,3.182810841,6.751472744
1993,49.94558445,5.768720422,2.274558083,4.160129175,3.199536465,0.938632612,0.49041739,16.18181471,1.278781262,1.463251164,0.452881475,10.70625994,2.684323623,11.04576029,0.466048469,46.57863145,0.136047906,0.467872715,1.357189552,9.05104387,4.378645081,0.755040974,5.968922939,4.781166117,0.615779519,5.751786643,0.835582062,0.1604,30.66005191,4.063298919,3.013392658,2.818281085,1.847353211,3.307302126,31.65547366,2.883161897,3.251188833,3.052673849,56.7210514,1.971525712,0.125742229,7.367986241,0.504230621,0.768867883,1.260132956,147.1947476,0,8.881005436,6.182872708,1.741944426,14.60833561,3.220439044,3.273505344,6.563813829
1994,42.54317683,4.438321017,1.598075944,4.259259604,1.895290637,0.92503059,0.406580652,8.902446252,0.851174357,1.179837963,0.319189184,5.820382248,1.769365438,8.31355751,0.491689221,51.89798339,0.100807003,0.531688312,1.419294254,7.100806754,4.190819344,0.746493952,5.446383727,4.932800407,0.612502085,7.148148564,0.878250945,0.1322,28.61054976,3.522227092,1.719864761,2.081846498,1.944876755,3.606050873,35.60413742,2.95810817,3.66650353,1.938058175,80.39961306,0.75363637,0.131338415,5.034588196,0.517570058,0.911853802,1.481205098,153.5127124,0,12.79379474,6.550480484,1.387662121,15.6331743,3.990430447,3.656806166,6.890675555
1995,41.76429167,5.53874926,2.169627138,4.730599122,2.379517975,1.000428394,0.487148994,10.86477247,1.115389674,1.445919895,0.398461797,5.643439376,2.116003868,11.00014627,0.497723961,60.15924506,0.141853361,0.578015625,1.698989464,7.855205207,4.958845648,0.785999865,6.464382808,5.385704166,0.660195402,9.046320255,1.001894,0.1348,25.54137919,3.838100904,2.033701498,2.706425157,2.091726101,4.094741652,39.03028547,3.061646174,3.978514206,2.302537562,140.919777,1.293535193,0.103695237,6.326342633,0.540733048,0.870740292,1.534756135,171.7359339,0,13.8303639,7.63143184,1.849110468,18.0308766,5.755818842,3.806983413,7.111271273
1996,46.94155423,7.526421519,2.361116449,4.847757218,2.586550595,0.869033856,0.50197927,11.09353885,1.007791127,1.607345356,0.396053806,5.771456952,2.540697539,18.07115283,0.494004648,67.62971698,0.232463023,0.693535954,1.602741834,8.761215548,5.694040003,0.848239446,6.932991739,5.6412431,0.702965148,12.0458654,0.946112493,0.1594,27.88461538,4.931861039,3.31957375,2.780422049,2.132087009,4.481489762,43.16157153,4.030146135,3.989163197,2.40568694,185.7302367,1.382334879,0.135188166,6.559712166,0.535250347,0.941709423,1.792234297,163.2349254,0,9.018300725,9.43352815,2.069506014,19.58716181,6.044585327,3.597220962,8.553147289
1997,48.17761204,7.648380196,2.268301646,5.020265627,2.447669102,0.972896268,0.490608658,10.78945843,0.937741513,1.544689577,0.364445601,6.090838693,2.322719103,18.04755804,0.502675542,78.43657817,0.442337871,0.68649009,1.71671407,8.803539988,5.326817115,0.803633342,6.891443192,5.516916163,0.698107222,13.11576436,0.998004259,0.2959,30.70089787,4.26296542,3.875785863,2.697105823,2.071996564,4.243755308,39.14784453,4.873663775,4.15498995,2.29031891,200.8503976,1.851558197,0.091920274,6.041478726,0.598966982,0.85023276,2.191749014,168.9780573,0,11.68117586,11.15819794,2.116818623,20.74621035,6.269333313,4.30328848,8.529572287
1998,48.18778198,6.506221616,2.455092686,4.790481509,2.804902367,0.89377074,0.521910561,11.29814499,0.96733839,1.744794531,0.370106746,6.217805821,1.949481379,19.61965476,0.514267869,84.82880756,0.370687634,0.745523117,1.576908856,8.013274132,4.48341731,0.840285265,7.482069162,5.232118046,0.591034143,14.09399884,0.928460893,0.3596,27.2513014,4.401967633,2.54760959,2.920358711,2.032347665,4.225813976,46.49760872,5.551118149,3.873109866,2.643363519,218.4162007,1.989343546,0.072285404,6.505607909,0.647287376,0.672368187,2.962047564,152.9829846,0,11.25022154,12.17279006,2.241650112,21.80289359,6.584815847,3.537741942,6.401968715
1999,48.64067173,6.15292331,3.677393999,5.484263347,3.389566713,0.808077223,0.592416703,11.56582646,0.999477511,1.534673583,0.38245499,4.711259427,2.35477296,18.87099246,0.536080148,90.71070481,0.621117886,0.688918537,1.547888496,7.892973532,4.662992036,0.814724032,7.718109982,5.046806783,0.57936578,12.89601046,0.912773681,0.4418,35.97586086,4.27790378,2.584478924,3.44072471,1.985922776,4.402193195,46.26642865,6.285219691,3.86855173,2.537789821,59.14507704,2.157108263,0.077302212,6.592834933,0.662838615,0.669386624,3.045751528,151.5169571,0,10.68202834,12.7043342,2.226577204,22.94320217,5.998563258,3.404284891,6.858013652
2000,54.79039857,9.12959497,3.51999144,5.788329609,2.968370088,0.870486066,0.539227278,10.56657929,0.916777283,1.388506772,0.35113658,19.08804631,3.227927698,16.57753389,0.551230862,99.83854396,1.045998496,0.706370816,1.73809384,8.242349618,5.080483629,0.782913872,4.982850662,4.367458867,0.391345597,12.7053501,0.887291688,0.874,38.27095414,4.629247204,2.53730758,2.961484954,1.779520886,4.726108622,43.0174554,5.930685215,3.922232165,2.241753193,69.17145163,2.068836754,0.076198395,6.013185004,0.654212394,0.635866404,3.41279745,151.7527572,0,12.25729915,13.37176708,2.106848752,21.47352816,6.193246837,3.600632111,6.689958139
2001,59.41340092,8.936079118,3.666222635,5.4896083,3.190371081,0.876794723,0.56309049,10.95348535,0.932648605,1.710843377,0.378512024,7.4381891,2.796704604,16.81053704,0.572417441,96.68463612,1.461139022,0.752371689,1.542477309,8.231326016,5.023265413,0.687410645,5.314872854,4.125527603,0.412610872,12.98600743,0.825706961,0.906,34.11209393,5.438332602,2.498008665,3.468337942,1.746063558,4.675755867,43.83148021,5.650154067,3.557341215,2.448714704,73.55784006,1.966600715,0.075951133,6.507824829,0.662064156,1.681473894,2.252847465,135.4299059,0,15.71636179,13.56399002,2.093498674,22.06583245,5.840503869,4.094441301,6.777385246
2002,61.51610341,15.28559237,4.194342686,5.438863983,3.622350063,0.825394519,0.620507387,12.41725135,0.996068145,1.997005709,0.425964681,8.728038525,3.034250924,18.05438332,0.59112204,85.14606742,1.806742742,0.72932168,1.432221739,7.850809498,5.3354511,0.578235309,6.166197848,4.301608753,0.466773711,13.1477369,0.775777239,0.927,20.48188976,5.351701663,5.087328438,3.908121307,1.777057481,4.906494249,47.07719219,5.950769427,3.349169826,2.782192879,95.0540593,1.966003468,0.085171074,7.00640232,0.742134838,1.933863911,2.192684135,129.0875566,0,18.13712839,14.1296519,2.410199032,23.1416166,6.178563591,4.193850445,6.342116911
2003,73.48226419,17.81270459,5.349258094,7.511582173,4.740768143,0.784654424,0.813260469,15.97031503,1.142315523,2.742815072,0.546885223,8.93756706,3.503723088,21.25175434,0.622044666,80.28846154,2.484745935,0.870248268,2.197598466,8.6236913,6.511903365,0.487038685,7.632723556,5.025167975,0.5536148,14.90451765,1.157825435,0.748,26.265625,6.37249889,4.6697893,4.71407198,2.051147607,5.89487392,58.02936335,6.583526861,4.926439384,3.394084732,104.7389543,2.138237279,0.102085769,8.768721563,0.75084723,2.142618046,2.836724352,197.0189653,0,21.35529846,15.21148771,2.987984051,27.45390226,6.606884275,4.901869764,5.727592261
2004,91.91368099,23.55205768,6.19027038,8.957467707,5.451688538,0.915257323,0.924940012,18.82621414,1.272360517,4.422855661,0.633706111,10.29748348,4.65697494,23.51057568,0.666072102,78.78246753,4.410764339,1.109054005,2.770082792,10.13118726,7.770219008,0.961900651,8.881417907,5.300767961,0.582169841,16.09533709,1.511236656,0.897,33.12230769,5.064732626,5.05872635,7.11313207,2.362501023,6.667418752,66.11414545,7.937255565,6.609205995,3.760443738,135.7647316,2.376496067,0.114582284,10.07681667,0.893012218,2.237350687,3.859592813,255.8069086,0,26.64600725,16.67306247,3.191561509,31.18388524,7.939487548,6.221110219,5.805598867
2005,107.0466187,36.97090088,6.567654954,9.918907108,6.146353173,1.11711308,0.972241677,19.50985221,1.337894379,8.655892393,0.653845169,11.96448447,6.65000168,24.0369187,0.708633195,89.66033966,8.217369093,1.098424686,3.178112499,12.40113945,9.582783991,1.027701068,10.74456838,4.282468637,0.639776041,18.73789551,1.682343527,0.949,47.33469124,5.859269753,5.320409651,8.009875052,2.936019526,6.576108447,68.85265807,8.8685049,7.248374838,4.383315965,175.67057,2.933819766,0.136450662,11.00903344,0.977899382,2.545275313,4.683246454,288.8672172,0,35.18271199,18.39538365,3.221910408,32.27218669,9.239221763,8.331870169,5.755215663
2006,123.0842587,52.38102514,7.034111315,9.919158482,6.54741982,1.273375078,1.107571458,20.91051297,1.461859762,9.709626596,0.698431794,14.4519017,8.072305029,25.28141326,0.768873684,107.426087,10.0865287,1.21116188,3.291330019,15.28086183,10.32759831,1.054112488,20.8850376,4.220019845,0.634781901,25.82551228,1.800092564,1.119,60.09423161,6.395712491,5.818279739,8.858863053,3.919577286,7.028810681,75.8838233,9.509835537,8.001779551,4.756361252,238.4549972,3.319784539,0.142775104,11.69791824,1.081441283,3.263697467,5.026743282,303.8586754,14.58625338,45.26383163,18.6198598,3.320907722,34.3766646,9.977647683,12.7568589,5.443896938
2007,142.4827398,65.26641549,8.169048383,10.56727066,7.625722837,1.356199387,1.649621739,23.92825043,1.699811295,10.86538513,0.795673153,16.73707182,8.782703437,28.76009095,0.847918929,130.4378284,13.07171876,1.317974491,3.469381231,19.70761677,12.45540959,1.279703047,24.82733914,6.281918226,0.753162998,31.95819518,1.682131785,1.373,68.03297839,8.52462089,6.451210219,10.28924372,4.346212355,8.150150209,86.94791329,10.81145601,8.839536476,5.731485052,278.2608468,4.070507895,0.149146919,13.99421841,1.077308814,3.632957611,5.430713729,333.0771173,14.58625338,59.44013977,21.86043482,3.759964943,38.91535387,11.90256449,14.05695798,5.291950526
2008,180.3838483,88.53866508,9.787734526,10.73082912,9.45143549,1.611835857,1.959620648,27.71514203,1.993407888,13.38559399,0.915659108,19.78851559,11.64985767,34.07824029,0.999105339,162.8181818,19.74989354,1.3801888,3.294084314,27.06691264,15.57134834,1.561766956,28.67938324,6.964179983,0.952667544,35.89515333,1.766902709,1.726,86.71076742,10.72513772,7.743617352,12.26213444,5.206437194,9.990356674,101.8229069,12.92034096,8.607431497,7.297600226,339.4762763,5.179854065,0.188021165,16.85398963,0.979597394,4.157895298,5.913620293,316.1312586,14.58625338,64.83308326,27.9478214,4.578849658,44.8594399,14.44040413,17.91085864,4.415703156
2009,150.3172921,70.30719618,9.738626517,10.11845924,9.450696873,1.78145514,1.852334575,27.93297032,2.067381665,12.31761405,0.905341173,18.64837255,9.723299915,33.88681325,1.049110685,189.1470054,15.02779517,1.856695551,3.580428053,32.43738912,12.11369907,1.450142509,26.04872001,6.71690534,0.890167833,42.34721791,1.740894965,1.768,60.80856203,9.616879409,9.009887947,12.59213811,4.714595548,9.128843109,101.1549522,12.26389479,8.938847189,7.35213131,295.0088354,5.674476969,0.200668065,16.14586749,0.85090162,3.953403098,2.948594552,329.7540606,12.23126453,51.62104408,29.40057355,4.7218909,43.4557405,25.12780557,15.3283423,9.665815601
2010,177.7850539,83.79947407,9.535345016,12.63727343,10.10961974,2.032135192,1.824751468,27.50750182,2.14259154,14.05850666,0.907979446,21.56572104,13.14839621,34.93630798,1.1286117,218.9836661,16.31444344,1.589515447,4.438765086,29.93379033,14.37259302,1.543294927,32.19765557,6.853467146,0.940112539,45.40561506,2.234754242,1.998,75.38082506,9.982711338,10.12832301,13.19652746,5.628878798,10.00367069,100.8653295,11.41189472,11.43141242,7.851192502,366.9904171,6.124756654,0.190021192,16.12131591,0.981616542,4.262805967,2.687807004,417.3638228,14.60207241,58.96297803,32.01289292,4.746389532,46.20609194,26.67344143,20.26555948,12.04160276
2011,218.3319469,111.7897477,10.69332136,15.11064361,12.08029598,2.235820809,2.046817987,30.6309105,2.437982705,16.68534967,1.023087476,25.8397492,15.65538358,36.6937108,1.239144502,235.989673,21.35734367,2.065001626,4.82047868,31.95276309,18.21030774,1.409693597,39.33666808,6.785137203,1.157074319,46.86947315,2.57940962,2.398,48.16926329,11.55181962,11.64814296,15.5068439,6.764627746,11.51841343,110.0806313,14.61927999,12.52335944,8.772950778,414.4666768,6.884913658,0.226455001,17.81428364,1.058918707,4.861632885,2.906000097,458.1994948,14.90730893,55.01856721,34.6571401,5.422442166,48.12332583,27.87172524,23.45951528,14.10180103
2012,227.1437461,128.0529158,11.14135812,13.9074645,12.56101516,2.333341334,1.91308121,30.15506233,2.510126512,17.89222857,1.015842907,29.30623529,17.6929113,36.30230288,1.353632942,279.1166667,22.38834414,2.065001626,4.886551484,43.31072141,17.17046402,1.415004738,41.27170106,7.638044557,1.049412177,56.39670467,2.477702216,2.791614,92.54093813,11.57897506,8.773203178,14.89195762,6.728208836,11.6686964,106.9373923,16.68811414,13.04205359,9.426912648,463.9710182,7.654761045,0.229371348,17.66087041,1.089407839,6.141666509,4.36467016,434.4005451,11.93147217,37.63291997,39.65039436,5.413544658,47.31140181,27.30591591,25.50306042,17.11476291
2013,229.7014303,132.339109,12.51784512,14.27173893,13.44430049,2.451606632,2.028910915,33.72862118,1.69154411,17.86531689,1.116223107,32.67974505,17.9587207,42.76023548,2.044440443,288.4341085,21.94883428,2.065001626,4.464726181,47.64827661,17.5957448,1.375609453,62.84572196,8.376613539,1.109682824,61.67144041,2.367112932,3.1771981,75.35110703,12.42355546,8.031571928,15.76935757,7.223071097,12.29297414,115.7392873,17.19807306,12.04330728,10.22489744,520.1171803,7.819964024,0.267041748,18.91866772,1.333160407,7.502762863,5.0628816,400.8860136,18.42646902,43.02401808,45.64885724,6.021732977,48.68544641,28.91578652,28.03723946,19.09100404
2014,238.9426642,135.9668026,13.28452785,15.4700885,13.94301608,2.70578333,2.041930125,36.38654471,1.894813389,18.1443369,1.149587624,35.90904093,17.91932108,48.84300561,2.220637966,305.5954089,21.76545308,0,4.286015248,55.61222823,18.2039669,1.229461721,54.67853381,8.778473373,1.135250721,68.28579651,2.441063054,3.225652,57.37235559,12.5229574,8.801326169,16.94343459,6.592537782,13.07412995,119.1308414,17.97824659,12.43543097,10.86294354,574.1837634,8.23896612,0.293119143,19.79725344,1.38757787,7.686138791,5.72839972,381.1988698,13.96221285,49.51674862,49.98672646,6.393318262,50.27181292,32.61239726,27.14102356,19.49554752
2015,187.4938556,90.49642051,11.388161,13.53074884,11.83215932,3.104003546,1.74985762,32.21023302,1.695825714,14.5595995,0.9660296,37.9177065,12.43479387,45.81500517,2.424391785,329.3665768,13.18549688,0,3.90928165,64.58932855,14.38310776,1.378176609,49.43680623,8.794201743,1.152384167,70.1204469,2.359686725,3.2270757,48.71750132,11.3230207,9.219474379,15.58318117,6.166863897,12.00729105,110.4138238,16.20898577,11.33516108,9.683867926,493.0266828,8.543760206,0.259999643,17.7747667,1.432403352,6.788352975,6.1521491,346.7097905,11.99780076,51.72675868,47.41391982,5.755461035,45.77949404,32.38718373,21.2512168,19.96305886
2016,180.7638395,52.76161723,11.82106585,15.08263718,12.83336305,2.644487777,1.849789986,33.81433704,1.825018145,13.02628984,1.012835493,37.13480156,10.93132815,48.40776104,2.604955229,332.4417178,11.24080885,0,3.724180911,74.29676656,14.02389027,1.484578886,56.1441794,8.595955222,1.245074264,74.81514416,2.114426452,3.3984196,49.9120737,11.84861386,7.909868618,16.7437968,6.398747592,12.59415546,111.572947,12.06905124,10.72201873,10.39886198,404.6491253,8.695272061,0.292267272,19.04031233,1.568513348,6.084297211,6.61374307,323.5855097,11.99780076,42.630376,49.77440937,6.071170959,44.36007268,29.2039887,20.95841254,20.54875986
2017,189.8808969,73.69015499,12.70165584,16.10515586,14.10695562,2.723586963,1.99674154,36.09854703,2.072349973,13.34904141,1.077439756,38.01926479,11.83447304,52.512344,2.762581334,248.3627717,12.20091388,0,4.463673661,81.77088515,14.92948749,1.504909463,60.38540943,10.32466827,1.469978606,82.03651088,2.306741672,3.3907034,67.15745218,13.17631359,8.943543794,18.30836204,6.800135898,13.71350613,118.5405734,13.26464065,12.89515337,11.18510425,375.7457311,9.252833894,0.322002845,20.99656294,1.675370641,5.749846528,7.62150171,381.4488147,11.99780076,41.28361798,53.27488453,6.387422518,42.16353059,30.74447384,25.87360126,51.07472648
2018,194.5544837,79.45068826,14.26240809,17.03194319,15.89006622,2.6671822,2.205099507,39.95555219,2.220979146,15.32700025,1.18879745,47.56821001,14.77390029,58.52247779,2.913464658,262.5886325,13.09701213,0,4.644696656,84.26918086,16.8673264,1.670671328,67.25935397,11.85703037,1.554133594,92.20297999,2.556247292,3.4227548,76.68602977,13.76003328,9.879231592,20.36801538,7.473550557,14.73569593,127.3411476,15.01735895,13.68201908,12.8373075,421.7392515,9.637904519,0.383717328,23.11670156,1.784313927,6.390514689,7.87344083,405.2607239,0,32.33378038,57.00371289,7.029300383,42.68650446,32.92702562,26.31150727,34.15605742
2019,193.4596621,70.89796273,14.39168631,16.72590815,16.0328135,2.57651888,2.252177124,39.66775753,2.221301351,14.90551774,1.195019531,51.77582988,13.97663778,60.3828947,3.08885145,318.6788155,11.36413355,0,4.616996145,95.91262025,16.87440547,1.813609692,68.35262925,13.4428615,1.588767976,100.3784362,2.390702296,3.3195965,69.25449647,14.10466468,11.05186558,20.47742188,7.894764886,14.43634698,128.9202664,15.51275905,12.5419283,12.88955556,474.5174908,10.34930028,0.412976083,23.40399599,1.868690097,6.526183564,8.65502396,389.3300322,0,32.33807917,61.02673193,6.992700101,41.90564242,35.35306101,23.30866778,25.71565718
2020,164.8734153,48.5015612,15.68674189,14.96025161,17.72501053,2.649680261,1.821565614,40.77324118,2.3267209,14.93289782,1.225039196,48.71696186,11.46868746,63.02785281,3.144136197,383.8178415,9.893816008,0,4.120621325,107.6577324,15.34223616,1.812170891,70.00824386,14.08869374,1.683619352,100.6575058,2.05369987,3.1761263,46.85428544,13.0514412,11.7693136,20.69856094,8.260752385,11.40810645,121.3536451,14.23542017,10.58374854,13.7446531,432.1988985,10.17438685,0.471229485,24.53051304,1.382551752,6.693888876,8.62839372,337.9746554,0,27.03459375,66.06873779,7.400284168,42.49178092,37.60036824,18.13776493,26.86856406
2021,186.2312053,66.50512999,17.68762353,18.75018223,19.69751628,2.775798697,2.051842619,45.01193735,2.516498412,16.8719377,1.299039312,55.32848278,14.82569021,72.79463665,3.392796953,424.6717655,12.21587803,0,4.785708166,111.2618887,19.4449351,2.014158842,79.51420473,17.06911574,1.878659687,109.7036589,2.412130022,3.5130495,35.21799565,14.35473196,12.37812975,22.99924526,9.222536364,11.48434886,142.0220584,16.16805548,12.40248618,14.91500244,440.8336359,11.0787871,0.524402456,27.52078413,1.487173795,7.173379137,9.48399739,420.8868776,0,34.22951377,70.65562815,8.342243646,47.07323436,40.52978874,22.09641693,27.24050784
2022,225.6384566,104.3997469,17.42540508,20.3211506,18.82021869,3.338722828,2.247003344,44.34720607,2.382618615,17.82850829,1.279542248,65.80154776,15.81703016,70.92282482,3.562814909,476.7477204,13.68764344,0,4.741163885,126.7727079,20.4406557,2.204734527,73.91900321,19.91045254,1.839048748,114.4489782,2.354980884,4.001047,43.24629792,15.32560327,12.42906015,22.37405135,9.557966698,12.90776779,130.9519264,18.88352858,12.56944912,15.43385271,477.4034001,13.31616101,0.540809499,27.78333222,2.018346589,7.12446516,10.20276727,406.9200046,0,51.66687536,75.76997451,8.169476149,44.94876917,45.56533322,29.16378214,32.78965738
